<?xml version="1.0" encoding="UTF-8" ?>
<!DOCTYPE mapper PUBLIC "-//mybatis.org//DTD Mapper 3.0//EN" "http://mybatis.org/dtd/mybatis-3-mapper.dtd" >
<mapper namespace="com.example.demo1.mapper.RoleMapper" >
  <resultMap id="BaseResultMap" type="com.example.demo1.entity.Role" >
    <id column="id" property="id" jdbcType="INTEGER" />
    <result column="name" property="name" jdbcType="VARCHAR" />
    <result column="value" property="value" jdbcType="VARCHAR" />
    <result column="available" property="available" jdbcType="CHAR" />
  </resultMap>
  <sql id="Base_Column_List" >
    id, name, value, available
  </sql>
  <select id="selectByPrimaryKey" resultMap="BaseResultMap" parameterType="java.lang.Integer" >
    select 
    <include refid="Base_Column_List" />
    from tbl_role
    where id = #{id,jdbcType=INTEGER}
  </select>
  <delete id="deleteByPrimaryKey" parameterType="java.lang.Integer" >
    delete from tbl_role
    where id = #{id,jdbcType=INTEGER}
  </delete>
  <insert id="insert" parameterType="com.example.demo1.entity.Role" >
    insert into tbl_role (id, name, value, 
      available)
    values (#{id,jdbcType=INTEGER}, #{name,jdbcType=VARCHAR}, #{value,jdbcType=VARCHAR}, 
      #{available,jdbcType=CHAR})
  </insert>
  <insert id="insertSelective" parameterType="com.example.demo1.entity.Role" >
    insert into tbl_role
    <trim prefix="(" suffix=")" suffixOverrides="," >
      <if test="id != null" >
        id,
      </if>
      <if test="name != null" >
        name,
      </if>
      <if test="value != null" >
        value,
      </if>
      <if test="available != null" >
        available,
      </if>
    </trim>
    <trim prefix="values (" suffix=")" suffixOverrides="," >
      <if test="id != null" >
        #{id,jdbcType=INTEGER},
      </if>
      <if test="name != null" >
        #{name,jdbcType=VARCHAR},
      </if>
      <if test="value != null" >
        #{value,jdbcType=VARCHAR},
      </if>
      <if test="available != null" >
        #{available,jdbcType=CHAR},
      </if>
    </trim>
  </insert>
  <update id="updateByPrimaryKeySelective" parameterType="com.example.demo1.entity.Role" >
    update tbl_role
    <set >
      <if test="name != null" >
        name = #{name,jdbcType=VARCHAR},
      </if>
      <if test="value != null" >
        value = #{value,jdbcType=VARCHAR},
      </if>
      <if test="available != null" >
        available = #{available,jdbcType=CHAR},
      </if>
    </set>
    where id = #{id,jdbcType=INTEGER}
  </update>
  <update id="updateByPrimaryKey" parameterType="com.example.demo1.entity.Role" >
    update tbl_role
    set name = #{name,jdbcType=VARCHAR},
      value = #{value,jdbcType=VARCHAR},
      available = #{available,jdbcType=CHAR}
    where id = #{id,jdbcType=INTEGER}
  </update>
</mapper>